case,targets,n_epochs,batch_size,l1_lambda,l2_lambda,loss_func,hidden_channels,conv_layers,conv_activation,decode_activation,decode_layers,learning_rate,schedule,g_up,g_down,N_params,N_trainable,scatter,lowest,epoch_exit,last20,last10
vlarge_all_4t_z0.0_quantile_raw,[0],500.0,512.0,1e-05,1e-05,Gauss1d,64.0,4.0,leakyrelu,leakyrelu,3.0,0.003,warmup_exp,1.3,0.98,345346.0,345346.0,0.9294368624687195,0.9294235706329346,27.0,0.9294522404670715,0.9294578433036804
vlarge_all_4t_z0.0_quantile_raw,[0],500.0,512.0,1e-05,1e-05,Gauss1d,64.0,4.0,leakyrelu,leakyrelu,2.0,0.003,constant,1.3,0.98,336770.0,336770.0,0.10098480433225632,0.09957901388406754,261.0,0.10118656605482101,0.10098712891340256
vlarge_all_4t_z0.0_quantile_raw,[0],500.0,512.0,1e-05,1e-05,L2,64.0,3.0,leakyrelu,leakyrelu,2.0,0.001,warmup_exp,1.3,0.98,257409.0,257409.0,0.10773656517267227,0.1077280044555664,303.0,0.1077667623758316,0.10774554312229156
vlarge_all_4t_z0.0_quantile_raw,[0],500.0,512.0,1e-05,1e-05,Gauss1d,64.0,3.0,leakyrelu,leakyrelu,1.0,0.003,constant,1.3,0.98,253314.0,253314.0,0.8438796401023865,0.7331556677818298,57.0,0.7840700149536133,0.7944270968437195
vlarge_all_4t_z0.0_quantile_raw,[0],500.0,512.0,1e-05,1e-05,Gauss1d,64.0,2.0,leakyrelu,leakyrelu,2.0,0.003,constant,1.3,0.98,187010.0,187010.0,0.1219814196228981,0.12011759728193283,113.0,0.12504321336746216,0.12272698432207108
vlarge_all_4t_z0.0_quantile_raw,[0],500.0,512.0,1e-05,1e-05,Gauss1d,64.0,3.0,leakyrelu,leakyrelu,2.0,0.003,constant,1.3,0.98,261890.0,261890.0,0.11384838819503784,0.10671159625053406,139.0,0.1168966293334961,0.11649955809116364
vlarge_all_4t_z0.0_quantile_raw,[0],500.0,512.0,1e-05,1e-05,Gauss1d,64.0,3.0,leakyrelu,leakyrelu,3.0,0.003,constant,1.3,0.98,270466.0,270466.0,0.15829500555992126,0.09962470084428787,171.0,0.17533574998378754,0.16428391635417938
vlarge_all_4t_z0.0_quantile_raw,[0],500.0,512.0,1e-05,1e-05,Gauss1d,64.0,3.0,leakyrelu,leakyrelu,2.0,0.003,warmup_exp,1.3,0.98,261890.0,261890.0,0.9293724894523621,0.9293379783630371,25.0,0.9293895959854126,0.9293808937072754
vlarge_all_4t_z0.0_quantile_raw,[0],500.0,512.0,1e-05,1e-05,Gauss1d,64.0,4.0,leakyrelu,leakyrelu,1.0,0.001,warmup_exp,1.3,0.98,328194.0,328194.0,0.7229594588279724,0.7202655076980591,65.0,0.7405716180801392,0.7409406304359436
vlarge_all_4t_z0.0_quantile_raw,[0],500.0,512.0,1e-05,1e-05,Gauss1d,64.0,2.0,leakyrelu,leakyrelu,2.0,0.003,warmup_exp,1.3,0.98,187010.0,187010.0,0.4312966465950012,0.4016573131084442,81.0,0.44202202558517456,0.43135038018226624
vlarge_all_4t_z0.0_quantile_raw,[0],500.0,512.0,1e-05,1e-05,Gauss1d,64.0,3.0,leakyrelu,leakyrelu,2.0,0.001,constant,1.3,0.98,261890.0,261890.0,0.9294465184211731,0.929226815700531,23.0,0.9294472932815552,0.9294691681861877
vlarge_all_4t_z0.0_quantile_raw,[0],500.0,512.0,1e-05,1e-05,Gauss1d,64.0,4.0,leakyrelu,leakyrelu,3.0,0.001,warmup_exp,1.3,0.98,345346.0,345346.0,0.10566104203462601,0.1038440465927124,179.0,0.10463693737983704,0.10459242016077042
vlarge_all_4t_z0.0_quantile_raw,[0],500.0,512.0,1e-05,1e-05,Gauss1d,64.0,2.0,leakyrelu,leakyrelu,1.0,0.001,constant,1.3,0.98,178434.0,178434.0,0.4121096730232239,0.35181498527526855,147.0,0.4708298444747925,0.4395359754562378
vlarge_all_4t_z0.0_quantile_raw,[0],500.0,512.0,1e-05,1e-05,Gauss1d,64.0,2.0,leakyrelu,leakyrelu,1.0,0.003,warmup_exp,1.3,0.98,178434.0,178434.0,0.4129299223423004,0.4106667935848236,57.0,0.44094789028167725,0.4361950755119324
vlarge_all_4t_z0.0_quantile_raw,[0],500.0,512.0,1e-05,1e-05,Gauss1d,64.0,3.0,leakyrelu,leakyrelu,1.0,0.003,constant,1.3,0.98,253314.0,253314.0,0.7217192649841309,0.6873425841331482,49.0,0.7465963363647461,0.7392111420631409
vlarge_all_4t_z0.0_quantile_raw,[0],500.0,512.0,1e-05,1e-05,L2,64.0,4.0,leakyrelu,leakyrelu,2.0,0.001,warmup_exp,1.3,0.98,332289.0,332289.0,0.11795129626989365,0.11301100999116898,131.0,0.11585234105587006,0.11698079854249954
vlarge_all_4t_z0.0_quantile_raw,[0],500.0,512.0,1e-05,1e-05,Gauss1d,64.0,2.0,leakyrelu,leakyrelu,2.0,0.001,warmup_exp,1.3,0.98,187010.0,187010.0,0.9294387698173523,0.9294185638427734,43.0,0.9294601678848267,0.9294606447219849
vlarge_all_4t_z0.0_quantile_raw,[0],500.0,512.0,1e-05,1e-05,Gauss1d,64.0,4.0,leakyrelu,leakyrelu,3.0,0.003,constant,1.3,0.98,345346.0,345346.0,0.11199452728033066,0.1040281280875206,115.0,0.11395743489265442,0.11309544742107391
vlarge_all_4t_z0.0_quantile_raw,[0],500.0,512.0,1e-05,1e-05,L2,64.0,3.0,leakyrelu,leakyrelu,2.0,0.001,warmup_exp,1.3,0.98,257409.0,257409.0,0.1068672388792038,0.1067858338356018,339.0,0.10687966644763947,0.10686968266963959
vlarge_all_4t_z0.0_quantile_raw,[0],500.0,512.0,1e-05,1e-05,Gauss1d,64.0,3.0,leakyrelu,leakyrelu,2.0,0.003,constant,1.3,0.98,261890.0,261890.0,0.9294627904891968,0.9294278621673584,23.0,0.9294927716255188,0.9294923543930054
vlarge_all_4t_z0.0_quantile_raw,[0],500.0,512.0,1e-05,1e-05,L2,64.0,4.0,leakyrelu,leakyrelu,2.0,0.001,warmup_exp,1.3,0.98,332289.0,332289.0,0.11414371430873871,0.11365870386362076,187.0,0.11441860347986221,0.11460614204406738
vlarge_all_4t_z0.0_quantile_raw,[0],500.0,512.0,1e-05,1e-05,Gauss1d,64.0,3.0,leakyrelu,leakyrelu,3.0,0.001,warmup_exp,1.3,0.98,270466.0,270466.0,0.10460346937179565,0.10304652154445648,237.0,0.10374768823385239,0.10376857221126556
vlarge_all_4t_z0.0_quantile_raw,[0],500.0,512.0,1e-05,1e-05,Gauss1d,64.0,3.0,leakyrelu,leakyrelu,1.0,0.003,warmup_exp,1.3,0.98,253314.0,253314.0,0.4482823312282562,0.4469411373138428,43.0,0.472773015499115,0.4702281653881073
vlarge_all_4t_z0.0_quantile_raw,[0],500.0,512.0,1e-05,1e-05,Gauss1d,64.0,2.0,leakyrelu,leakyrelu,1.0,0.001,constant,1.3,0.98,178434.0,178434.0,0.4770815968513489,0.3933279812335968,173.0,0.5021171569824219,0.47709256410598755
vlarge_all_4t_z0.0_quantile_raw,[0],500.0,512.0,1e-05,1e-05,L2,64.0,3.0,leakyrelu,leakyrelu,2.0,0.001,warmup_exp,1.3,0.98,257409.0,257409.0,0.10340598225593567,0.10308767110109329,273.0,0.10333104431629181,0.10331955552101135
vlarge_all_4t_z0.0_quantile_raw,[0],500.0,512.0,1e-05,1e-05,Gauss1d,64.0,2.0,leakyrelu,leakyrelu,3.0,0.003,warmup_exp,1.3,0.98,195586.0,195586.0,0.13587385416030884,0.12448296695947647,75.0,0.15629181265830994,0.1376294046640396
vlarge_all_4t_z0.0_quantile_raw,[0],500.0,512.0,1e-05,1e-05,Gauss1d,64.0,4.0,leakyrelu,leakyrelu,3.0,0.001,constant,1.3,0.98,345346.0,345346.0,0.9294593334197998,0.9293879270553589,23.0,0.9294884204864502,0.9294850826263428
vlarge_all_4t_z0.0_quantile_raw,[0],500.0,512.0,1e-05,1e-05,Gauss1d,64.0,4.0,leakyrelu,leakyrelu,2.0,0.003,constant,1.3,0.98,336770.0,336770.0,0.9294072985649109,0.9294262528419495,51.0,0.9294295310974121,0.9294288754463196
vlarge_all_4t_z0.0_quantile_raw,[0],500.0,512.0,1e-05,1e-05,Gauss1d,64.0,3.0,leakyrelu,leakyrelu,2.0,0.001,warmup_exp,1.3,0.98,261890.0,261890.0,0.10612707585096359,0.10587979108095169,349.0,0.10609298199415207,0.1060735359787941
vlarge_all_4t_z0.0_quantile_raw,[0],500.0,512.0,1e-05,1e-05,Gauss1d,64.0,3.0,leakyrelu,leakyrelu,3.0,0.003,warmup_exp,1.3,0.98,270466.0,270466.0,0.20911425352096558,0.16914324462413788,31.0,0.26493358612060547,0.22816269099712372
vlarge_all_4t_z0.0_quantile_raw,[0],500.0,512.0,1e-05,1e-05,Gauss1d,64.0,2.0,leakyrelu,leakyrelu,1.0,0.001,warmup_exp,1.3,0.98,178434.0,178434.0,0.35194483399391174,0.34220248460769653,121.0,0.3602117896080017,0.3519529104232788
vlarge_all_4t_z0.0_quantile_raw,[0],500.0,512.0,1e-05,1e-05,L2,64.0,4.0,leakyrelu,leakyrelu,2.0,0.001,warmup_exp,1.3,0.98,332289.0,332289.0,0.10486234724521637,0.10434342175722122,225.0,0.10466118901968002,0.10477250069379807
vlarge_all_4t_z0.0_quantile_raw,[0],500.0,512.0,1e-05,1e-05,Gauss1d,64.0,3.0,leakyrelu,leakyrelu,2.0,0.001,constant,1.3,0.98,261890.0,261890.0,0.9283576607704163,0.9277680516242981,41.0,0.9294366240501404,0.9291208386421204
vlarge_all_4t_z0.0_quantile_raw,[0],500.0,512.0,1e-05,1e-05,Gauss1d,64.0,2.0,leakyrelu,leakyrelu,2.0,0.001,constant,1.3,0.98,187010.0,187010.0,0.140730082988739,0.12023384124040604,159.0,0.1359054148197174,0.14073331654071808
vlarge_all_4t_z0.0_quantile_raw,[0],500.0,512.0,1e-05,1e-05,L2,64.0,3.0,leakyrelu,leakyrelu,2.0,0.001,warmup_exp,1.3,0.98,257409.0,257409.0,0.11191482841968536,0.11052179336547852,119.0,0.11226359754800797,0.11199091374874115
vlarge_all_4t_z0.0_quantile_raw,[0],500.0,512.0,1e-05,1e-05,Gauss1d,64.0,4.0,leakyrelu,leakyrelu,2.0,0.001,constant,1.3,0.98,158530.0,158530.0,0.9294781684875488,0.929419994354248,23.0,0.9295110702514648,0.929503858089447
vlarge_all_4t_z0.0_quantile_raw,[0],500.0,512.0,1e-05,1e-05,Gauss1d,64.0,3.0,leakyrelu,leakyrelu,3.0,0.003,constant,1.3,0.98,133570.0,133570.0,0.11406100541353226,0.10137786716222763,261.0,0.10566738247871399,0.10595468431711197
vlarge_all_4t_z0.0_quantile_raw,[0],500.0,512.0,1e-05,1e-05,Gauss1d,64.0,3.0,leakyrelu,leakyrelu,2.0,0.003,warmup_exp,1.3,0.98,124994.0,124994.0,0.12025409936904907,0.120032899081707,367.0,0.12020735442638397,0.12022390216588974
vlarge_all_4t_z0.0_quantile_raw,[0],500.0,512.0,1e-05,1e-05,Gauss1d,64.0,3.0,leakyrelu,leakyrelu,1.0,0.001,warmup_exp,1.3,0.98,116418.0,116418.0,0.9293932318687439,0.9294003248214722,31.0,0.9294227957725525,0.9294194579124451
vlarge_all_4t_z0.0_quantile_raw,[0],500.0,512.0,1e-05,1e-05,Gauss1d,64.0,2.0,leakyrelu,leakyrelu,3.0,0.003,constant,1.3,0.98,100034.0,100034.0,0.1292884349822998,0.11734472960233688,123.0,0.11902037262916565,0.1191098541021347
vlarge_all_4t_z0.0_quantile_raw,[0],500.0,512.0,1e-05,1e-05,Gauss1d,64.0,2.0,leakyrelu,leakyrelu,2.0,0.001,constant,1.3,0.98,91458.0,91458.0,0.9294276833534241,0.9293897747993469,25.0,0.929466724395752,0.9294648170471191
vlarge_all_4t_z0.0_quantile_raw,[0],500.0,512.0,1e-05,1e-05,Gauss1d,64.0,3.0,leakyrelu,leakyrelu,2.0,0.001,warmup_exp,1.3,0.98,124994.0,124994.0,0.11634527146816254,0.11539461463689804,145.0,0.11659950017929077,0.11644703149795532
vlarge_all_4t_z0.0_quantile_raw,[0],500.0,512.0,1e-05,1e-05,Gauss1d,64.0,3.0,leakyrelu,leakyrelu,2.0,0.001,warmup_exp,1.3,0.98,124994.0,124994.0,0.9294288158416748,0.9290040135383606,23.0,0.9294567108154297,0.9294506311416626
vlarge_all_4t_z0.0_quantile_raw,[0],500.0,512.0,1e-05,1e-05,Gauss1d,64.0,4.0,leakyrelu,leakyrelu,1.0,0.003,constant,1.3,0.98,149954.0,149954.0,0.44072866439819336,0.409082293510437,223.0,0.4422820210456848,0.4404888451099396
vlarge_all_4t_z0.0_quantile_raw,[0],500.0,512.0,1e-05,1e-05,Gauss1d,64.0,2.0,leakyrelu,leakyrelu,1.0,0.003,constant,1.3,0.98,82882.0,82882.0,0.6102984547615051,0.44253337383270264,83.0,0.7177411913871765,0.6244406700134277
vlarge_all_4t_z0.0_quantile_raw,[0],500.0,512.0,1e-05,1e-05,Gauss1d,64.0,3.0,leakyrelu,leakyrelu,3.0,0.003,constant,1.3,0.98,133570.0,133570.0,0.9294378757476807,0.9294329881668091,23.0,0.9294543862342834,0.929458737373352
vlarge_all_4t_z0.0_quantile_raw,[0],500.0,512.0,1e-05,1e-05,Gauss1d,64.0,3.0,leakyrelu,leakyrelu,3.0,0.001,constant,1.3,0.98,133570.0,133570.0,0.9294382333755493,0.9294338226318359,23.0,0.9294604659080505,0.9294605851173401
vlarge_all_4t_z0.0_quantile_raw,[0],500.0,512.0,1e-05,1e-05,L2,64.0,3.0,leakyrelu,leakyrelu,2.0,0.001,warmup_exp,1.3,0.98,120513.0,120513.0,0.11002257466316223,0.10876131057739258,165.0,0.10963894426822662,0.11002511531114578
vlarge_all_4t_z0.0_quantile_raw,[0],500.0,512.0,1e-05,1e-05,Gauss1d,64.0,4.0,leakyrelu,leakyrelu,3.0,0.001,warmup_exp,1.3,0.98,167106.0,167106.0,0.11630729585886002,0.11428653448820114,175.0,0.11641611903905869,0.11630994826555252
vlarge_all_4t_z0.0_quantile_raw,[0],500.0,512.0,1e-05,1e-05,Gauss1d,64.0,3.0,leakyrelu,leakyrelu,3.0,0.001,constant,1.3,0.98,133570.0,133570.0,0.9293749928474426,0.9292431473731995,25.0,0.9293522238731384,0.9293628931045532
vlarge_all_4t_z0.0_quantile_raw,[0],500.0,512.0,1e-05,1e-05,Gauss1d,64.0,3.0,leakyrelu,leakyrelu,2.0,0.001,constant,1.3,0.98,124994.0,124994.0,0.9294395446777344,0.9294477701187134,25.0,0.9294609427452087,0.9294609427452087
vlarge_all_4t_z0.0_quantile_raw,[0],500.0,512.0,1e-05,1e-05,Gauss1d,64.0,3.0,leakyrelu,leakyrelu,1.0,0.003,constant,1.3,0.98,116418.0,116418.0,0.46825292706489563,0.3820011615753174,103.0,0.5735698938369751,0.4972241222858429
vlarge_all_4t_z0.0_quantile_raw,[0],500.0,512.0,1e-05,1e-05,Gauss1d,64.0,2.0,leakyrelu,leakyrelu,1.0,0.003,warmup_exp,1.3,0.98,82882.0,82882.0,0.3869059681892395,0.3674602806568146,125.0,0.38444283604621887,0.38482773303985596
vlarge_all_4t_z0.0_quantile_raw,[0],500.0,512.0,1e-05,1e-05,Gauss1d,64.0,3.0,leakyrelu,leakyrelu,2.0,0.001,warmup_exp,1.3,0.98,124994.0,124994.0,0.11372897773981094,0.11372373253107071,373.0,0.11374668776988983,0.11374462395906448
vlarge_all_4t_z0.0_quantile_raw,[0],500.0,512.0,1e-05,1e-05,Gauss1d,64.0,2.0,leakyrelu,leakyrelu,2.0,0.001,warmup_exp,1.3,0.98,91458.0,91458.0,0.9294503927230835,0.9294008612632751,27.0,0.9294674396514893,0.9294718503952026
vlarge_all_4t_z0.0_quantile_raw,[0],500.0,512.0,1e-05,1e-05,Gauss1d,64.0,4.0,leakyrelu,leakyrelu,1.0,0.001,constant,1.3,0.98,149954.0,149954.0,0.9293491244316101,0.9293647408485413,23.0,0.9293898344039917,0.9293790459632874
vlarge_all_4t_z0.0_quantile_raw,[0],500.0,512.0,1e-05,1e-05,Gauss1d,64.0,3.0,leakyrelu,leakyrelu,3.0,0.001,warmup_exp,1.3,0.98,133570.0,133570.0,0.1199735701084137,0.1193883940577507,277.0,0.11985751241445541,0.11977601796388626
vlarge_all_4t_z0.0_quantile_raw,[0],500.0,512.0,1e-05,1e-05,Gauss1d,64.0,3.0,leakyrelu,leakyrelu,1.0,0.003,constant,1.3,0.98,116418.0,116418.0,0.9293673634529114,0.9292324185371399,23.0,0.9293880462646484,0.929388701915741
vlarge_all_4t_z0.0_quantile_raw,[0],500.0,512.0,1e-05,1e-05,Gauss1d,64.0,2.0,leakyrelu,leakyrelu,1.0,0.001,constant,1.3,0.98,82882.0,82882.0,0.3638695478439331,0.35429179668426514,191.0,0.3887917399406433,0.38892674446105957
vlarge_all_4t_z0.0_quantile_raw,[0],500.0,512.0,1e-05,1e-05,Gauss1d,64.0,4.0,leakyrelu,leakyrelu,1.0,0.001,constant,1.3,0.98,149954.0,149954.0,0.41051942110061646,0.39317038655281067,241.0,0.43915122747421265,0.4184330701828003
vlarge_all_4t_z0.0_quantile_raw,[0],500.0,512.0,1e-05,1e-05,Gauss1d,64.0,4.0,leakyrelu,leakyrelu,1.0,0.001,warmup_exp,1.3,0.98,149954.0,149954.0,0.1949377804994583,0.1948103904724121,499.0,0.19494116306304932,0.19486093521118164
vlarge_all_4t_z0.0_quantile_raw,[0],500.0,512.0,1e-05,1e-05,Gauss1d,64.0,3.0,leakyrelu,leakyrelu,3.0,0.003,warmup_exp,1.3,0.98,133570.0,133570.0,0.1082313135266304,0.10694002360105515,205.0,0.10808338224887848,0.10833490639925003
vlarge_all_4t_z0.0_quantile_raw,[0],500.0,512.0,1e-05,1e-05,Gauss1d,64.0,4.0,leakyrelu,leakyrelu,1.0,0.003,warmup_exp,1.3,0.98,149954.0,149954.0,0.8555139899253845,0.7080546021461487,71.0,0.7703770399093628,0.8023974895477295
vlarge_all_4t_z0.0_quantile_raw,[0],500.0,512.0,1e-05,1e-05,Gauss1d,64.0,2.0,leakyrelu,leakyrelu,3.0,0.001,warmup_exp,1.3,0.98,100034.0,100034.0,0.12274332344532013,0.1226927638053894,209.0,0.1233292818069458,0.12336032092571259
vlarge_all_4t_z0.0_quantile_raw,[0],500.0,512.0,0.0,0.0,Gauss1d,32.0,2.0,leakyrelu,leakyrelu,2.0,0.003,warmup_expcos,1.3,0.98,168642.0,168642.0,0.9294335842132568,0.9294548630714417,45.0,0.9294596314430237,0.9294594526290894
vlarge_all_4t_z0.0_quantile_raw,[0],500.0,512.0,0.0,0.0,Gauss1d,32.0,3.0,leakyrelu,leakyrelu,3.0,0.003,warmup_expcos,1.3,0.98,241922.0,241922.0,0.19894109666347504,0.09761887043714523,279.0,0.19380027055740356,0.18820799887180328
vlarge_all_4t_z0.0_quantile_raw,[0],500.0,512.0,1e-05,1e-05,Gauss1d,64.0,4.0,leakyrelu,leakyrelu,3.0,0.001,constant,1.3,0.98,477954.0,477954.0,0.929088830947876,0.926444947719574,65.0,0.9294139742851257,0.9294003248214722
vlarge_all_4t_z0.0_quantile_raw,[0],500.0,512.0,1e-05,1e-05,Gauss1d,64.0,2.0,leakyrelu,leakyrelu,2.0,0.003,warmup_exp,1.3,0.98,253314.0,253314.0,0.09270436316728592,0.09235679358243942,203.0,0.09271356463432312,0.09270649403333664
vlarge_all_4t_z0.0_quantile_raw,[0],500.0,512.0,0.0,0.0,Gauss1d,32.0,3.0,leakyrelu,leakyrelu,2.0,0.003,warmup_expcos,1.3,0.98,239682.0,239682.0,0.0968567281961441,0.09434735029935837,423.0,0.0972299873828888,0.09685894846916199
vlarge_all_4t_z0.0_quantile_raw,[0],500.0,512.0,0.0,0.0,Gauss1d,64.0,4.0,leakyrelu,leakyrelu,2.0,0.003,warmup_expcos,1.3,0.98,469378.0,469378.0,0.9294260740280151,0.929406464099884,25.0,0.929427981376648,0.9294255375862122
vlarge_all_4t_z0.0_quantile_raw,[0],500.0,512.0,1e-05,1e-05,Gauss1d,64.0,4.0,leakyrelu,leakyrelu,3.0,0.003,warmup_exp,1.3,0.98,477954.0,477954.0,0.9294322729110718,0.9294475317001343,77.0,0.9294518232345581,0.9294536709785461
vlarge_all_4t_z0.0_quantile_raw,[0],500.0,512.0,0.0,0.0,Gauss1d,32.0,2.0,leakyrelu,leakyrelu,3.0,0.001,warmup_expcos,1.3,0.98,170882.0,170882.0,0.700053334236145,0.6714659333229065,29.0,0.7034307718276978,0.702591061592102
vlarge_all_4t_z0.0_quantile_raw,[0],500.0,512.0,0.0,0.0,Gauss1d,32.0,4.0,leakyrelu,leakyrelu,3.0,0.001,warmup_expcos,1.3,0.98,312962.0,312962.0,0.1395052671432495,0.12376292049884796,243.0,0.126953586935997,0.12604005634784698
vlarge_all_4t_z0.0_quantile_raw,[0],500.0,512.0,1e-05,1e-05,Gauss1d,64.0,2.0,leakyrelu,leakyrelu,1.0,0.003,constant,1.3,0.98,244738.0,244738.0,0.14241749048233032,0.11173954606056213,141.0,0.1349225640296936,0.13959279656410217
vlarge_all_4t_z0.0_quantile_raw,[0],500.0,512.0,0.0,0.0,Gauss1d,32.0,4.0,leakyrelu,leakyrelu,2.0,0.001,warmup_expcos,1.3,0.98,310722.0,310722.0,0.7135554552078247,0.6984042525291443,49.0,0.7130532264709473,0.7135719060897827
vlarge_all_4t_z0.0_quantile_raw,[0],500.0,512.0,1e-05,1e-05,Gauss1d,64.0,4.0,leakyrelu,leakyrelu,3.0,0.003,constant,1.3,0.98,477954.0,477954.0,0.09837179630994797,0.095820352435112,137.0,0.09935101866722107,0.10002987086772919
vlarge_all_4t_z0.0_quantile_raw,[0],500.0,512.0,0.0,0.0,Gauss1d,32.0,4.0,leakyrelu,leakyrelu,2.0,0.001,warmup_expcos,1.3,0.98,310722.0,310722.0,0.6761112213134766,0.6505116820335388,45.0,0.6752510070800781,0.6761267781257629
vlarge_all_4t_z0.0_quantile_raw,[0],500.0,512.0,1e-05,1e-05,Gauss1d,64.0,4.0,leakyrelu,leakyrelu,1.0,0.003,constant,1.3,0.98,460802.0,460802.0,0.7277313470840454,0.677223265171051,31.0,0.7227023839950562,0.7157162427902222
vlarge_all_4t_z0.0_quantile_raw,[0],500.0,512.0,0.0,0.0,Gauss1d,64.0,4.0,leakyrelu,leakyrelu,2.0,0.001,warmup_expcos,1.3,0.98,469378.0,469378.0,0.11250608414411545,0.10562122613191605,241.0,0.11120422184467316,0.1081715077161789
vlarge_all_4t_z0.0_quantile_raw,[0],500.0,512.0,0.0,0.0,Gauss1d,32.0,2.0,leakyrelu,leakyrelu,3.0,0.003,warmup_expcos,1.3,0.98,170882.0,170882.0,0.9329848885536194,0.9134562611579895,85.0,0.9294161796569824,0.9293830394744873
vlarge_all_4t_z0.0_quantile_raw,[0],500.0,512.0,0.0,0.0,Gauss1d,64.0,4.0,leakyrelu,leakyrelu,3.0,0.001,warmup_expcos,1.3,0.98,477954.0,477954.0,0.7755507230758667,0.5852086544036865,87.0,0.6243394613265991,0.6249915361404419
vlarge_all_4t_z0.0_quantile_raw,[0],500.0,512.0,1e-05,1e-05,L2,64.0,3.0,leakyrelu,leakyrelu,2.0,0.001,warmup_exp,1.3,0.98,356865.0,356865.0,0.10795362293720245,0.10781317949295044,389.0,0.10795312374830246,0.10795015841722488
vlarge_all_4t_z0.0_quantile_raw,[0],500.0,512.0,1e-05,1e-05,L2,64.0,3.0,leakyrelu,leakyrelu,2.0,0.001,warmup_exp,1.3,0.98,356865.0,356865.0,0.11969045549631119,0.11811984330415726,131.0,0.12125058472156525,0.12214019894599915
vlarge_all_4t_z0.0_quantile_raw,[0],500.0,512.0,0.0,0.0,Gauss1d,64.0,4.0,leakyrelu,leakyrelu,3.0,0.003,warmup_expcos,1.3,0.98,477954.0,477954.0,0.09076600521802902,0.08914165198802948,259.0,0.09080895781517029,0.09048214554786682
vlarge_all_4t_z0.0_quantile_raw,[0],500.0,512.0,1e-05,1e-05,Gauss1d,64.0,4.0,leakyrelu,leakyrelu,2.0,0.003,warmup_exp,1.3,0.98,469378.0,469378.0,0.9294393062591553,0.9294572472572327,23.0,0.9294596314430237,0.9294594526290894
vlarge_all_4t_z0.0_quantile_raw,[0],500.0,512.0,1e-05,1e-05,Gauss1d,64.0,2.0,leakyrelu,leakyrelu,3.0,0.001,constant,1.3,0.98,261890.0,261890.0,0.9295175075531006,0.9292190670967102,23.0,0.9294933080673218,0.9295388460159302
vlarge_all_4t_z0.0_quantile_raw,[0],500.0,512.0,1e-05,1e-05,Gauss1d,64.0,3.0,leakyrelu,leakyrelu,3.0,0.001,warmup_exp,1.3,0.98,369922.0,369922.0,0.929441511631012,0.929406464099884,23.0,0.9294590950012207,0.9294630885124207
vlarge_all_4t_z0.0_quantile_raw,[0],500.0,512.0,0.0,0.0,Gauss1d,64.0,4.0,leakyrelu,leakyrelu,2.0,0.001,warmup_expcos,1.3,0.98,469378.0,469378.0,0.9285570979118347,0.9159925580024719,47.0,0.9289331436157227,0.9291585683822632
vlarge_all_4t_z0.0_quantile_raw,[0],500.0,512.0,0.0,0.0,Gauss1d,64.0,3.0,leakyrelu,leakyrelu,2.0,0.001,warmup_expcos,1.3,0.98,361346.0,361346.0,0.92922043800354,0.9292294383049011,27.0,0.9292550086975098,0.9292550086975098
vlarge_all_4t_z0.0_quantile_raw,[0],500.0,512.0,0.0,0.0,Gauss1d,32.0,3.0,leakyrelu,leakyrelu,3.0,0.003,warmup_expcos,1.3,0.98,241922.0,241922.0,0.9294349551200867,0.9263087511062622,23.0,0.9294608235359192,0.9294620156288147
vlarge_all_4t_z0.0_quantile_raw,[0],500.0,512.0,1e-05,1e-05,L2,64.0,3.0,leakyrelu,leakyrelu,2.0,0.001,warmup_exp,1.3,0.98,356865.0,356865.0,0.10012970864772797,0.09966346621513367,159.0,0.10066285729408264,0.10052458196878433
vlarge_all_4t_z0.0_quantile_raw,[0],500.0,512.0,0.0,0.0,Gauss1d,64.0,4.0,leakyrelu,leakyrelu,3.0,0.001,warmup_expcos,1.3,0.98,477954.0,477954.0,0.7456364631652832,0.7032110095024109,103.0,0.7316197156906128,0.7318919897079468
vlarge_all_4t_z0.0_quantile_raw,[0],500.0,512.0,1e-05,1e-05,Gauss1d,64.0,2.0,leakyrelu,leakyrelu,3.0,0.003,warmup_exp,1.3,0.98,261890.0,261890.0,0.09699998795986176,0.09692221134901047,367.0,0.09702365845441818,0.09696511924266815
vlarge_all_4t_z0.0_quantile_raw,[0],500.0,512.0,0.0,0.0,Gauss1d,64.0,3.0,leakyrelu,leakyrelu,2.0,0.001,warmup_expcos,1.3,0.98,361346.0,361346.0,0.12431825697422028,0.1194654256105423,287.0,0.12439251691102982,0.1243211105465889
vlarge_all_4t_z0.0_quantile_raw,[0],500.0,512.0,0.0,0.0,Gauss1d,64.0,2.0,leakyrelu,leakyrelu,2.0,0.001,warmup_expcos,1.3,0.98,253314.0,253314.0,0.12290475517511368,0.11373952031135559,305.0,0.11599701642990112,0.11613515019416809
vlarge_all_4t_z0.0_quantile_raw,[0],500.0,512.0,0.0,0.0,Gauss1d,32.0,3.0,leakyrelu,leakyrelu,3.0,0.001,warmup_expcos,1.3,0.98,241922.0,241922.0,0.9294366240501404,0.9294517040252686,27.0,0.9294559955596924,0.9294580817222595
vlarge_all_4t_z0.0_quantile_raw,[0],500.0,512.0,1e-05,1e-05,L2,64.0,3.0,leakyrelu,leakyrelu,2.0,0.001,warmup_exp,1.3,0.98,356865.0,356865.0,0.1107371598482132,0.11011913418769836,107.0,0.11185243725776672,0.11119194328784943
vlarge_all_4t_z0.0_quantile_raw,[0],500.0,512.0,0.0,0.0,Gauss1d,64.0,4.0,leakyrelu,leakyrelu,2.0,0.001,warmup_expcos,1.3,0.98,469378.0,469378.0,0.6734099388122559,0.6716650128364563,103.0,0.6768225431442261,0.6761478781700134
vlarge_all_4t_z0.0_quantile_raw,[0],500.0,512.0,1e-05,1e-05,Gauss1d,64.0,3.0,leakyrelu,leakyrelu,1.0,0.003,warmup_exp,1.3,0.98,352770.0,352770.0,0.9005802869796753,0.7954269647598267,85.0,0.8413031101226807,0.8678475618362427
vlarge_all_4t_z0.0_quantile_raw,[0],500.0,512.0,1e-05,1e-05,L2,64.0,4.0,leakyrelu,leakyrelu,2.0,0.001,warmup_exp,1.3,0.98,464897.0,464897.0,0.12672702968120575,0.12584179639816284,119.0,0.12878859043121338,0.13386721909046173
vlarge_all_4t_z0.0_quantile_raw,[0],500.0,512.0,1e-05,1e-05,Gauss1d,64.0,3.0,leakyrelu,leakyrelu,2.0,0.003,constant,1.3,0.98,361346.0,361346.0,0.11281841993331909,0.1038762629032135,93.0,0.11610370874404907,0.11604321748018265
vlarge_all_4t_z0.0_quantile_raw,[0],500.0,512.0,0.0,0.0,Gauss1d,32.0,3.0,leakyrelu,leakyrelu,3.0,0.001,warmup_expcos,1.3,0.98,241922.0,241922.0,0.18176217377185822,0.1803443878889084,499.0,0.18451131880283356,0.1825835257768631
vlarge_all_4t_z0.0_quantile_raw,[0],500.0,512.0,0.0,0.0,Gauss1d,32.0,4.0,leakyrelu,leakyrelu,3.0,0.001,warmup_expcos,1.3,0.98,312962.0,312962.0,0.9294242858886719,0.9294237494468689,23.0,0.9294536709785461,0.9294533133506775
vlarge_all_4t_z0.0_quantile_raw,[0],500.0,512.0,0.0,0.0,Gauss1d,32.0,2.0,leakyrelu,leakyrelu,2.0,0.003,warmup_expcos,1.3,0.98,168642.0,168642.0,0.09400999546051025,0.0930752381682396,255.0,0.09733840823173523,0.09507948160171509
vlarge_all_4t_z0.0_quantile_raw,[0],500.0,512.0,0.0,0.0,Gauss1d,32.0,3.0,leakyrelu,leakyrelu,3.0,0.003,warmup_expcos,1.3,0.98,241922.0,241922.0,0.9292575120925903,0.9292052388191223,43.0,0.9293034076690674,0.9292978644371033
vlarge_all_4t_z0.0_quantile_raw,[0],500.0,512.0,1e-05,1e-05,Gauss1d,64.0,4.0,leakyrelu,leakyrelu,3.0,0.001,constant,1.3,0.98,477954.0,477954.0,0.694412350654602,0.6860724091529846,29.0,0.7063974142074585,0.703406035900116
vlarge_all_4t_z0.0_quantile_raw,[0],500.0,512.0,1e-05,1e-05,Gauss1d,64.0,2.0,leakyrelu,leakyrelu,3.0,0.001,constant,1.3,0.98,261890.0,261890.0,0.1056714877486229,0.10059016197919846,321.0,0.10449254512786865,0.10411606729030609
vlarge_all_4t_z0.0_quantile_raw,[0],500.0,512.0,1e-05,1e-05,L2,64.0,4.0,leakyrelu,leakyrelu,2.0,0.001,warmup_exp,1.3,0.98,464897.0,464897.0,0.10660158842802048,0.10658471286296844,273.0,0.1067696213722229,0.10664129257202148
vlarge_all_4t_z0.0_quantile_raw,[0],500.0,512.0,1e-05,1e-05,Gauss1d,64.0,4.0,leakyrelu,leakyrelu,2.0,0.001,warmup_exp,1.3,0.98,469378.0,469378.0,0.10028707981109619,0.09679664671421051,121.0,0.0986611545085907,0.09852884709835052
vlarge_all_4t_z0.0_quantile_raw,[0],500.0,512.0,0.0,0.0,Gauss1d,64.0,2.0,leakyrelu,leakyrelu,3.0,0.003,warmup_expcos,1.3,0.98,261890.0,261890.0,0.09499789029359818,0.09370043873786926,237.0,0.09687452018260956,0.09519083052873611
vlarge_all_4t_z0.0_quantile_raw,[0],500.0,512.0,0.0,0.0,Gauss1d,32.0,2.0,leakyrelu,leakyrelu,2.0,0.001,warmup_expcos,1.3,0.98,168642.0,168642.0,0.9294349551200867,0.9294540286064148,75.0,0.9294564723968506,0.9294565320014954
vlarge_all_4t_z0.0_quantile_raw,[0],500.0,512.0,0.0,0.0,Gauss1d,64.0,3.0,leakyrelu,leakyrelu,3.0,0.001,warmup_expcos,1.3,0.98,369922.0,369922.0,0.658536434173584,0.6480637788772583,31.0,0.6723365783691406,0.6677014827728271
vlarge_all_4t_z0.0_quantile_raw,[0],500.0,512.0,1e-05,1e-05,Gauss1d,64.0,4.0,leakyrelu,leakyrelu,3.0,0.003,constant,1.3,0.98,477954.0,477954.0,0.10196743160486221,0.09818106144666672,107.0,0.10160340368747711,0.10170875489711761
vlarge_all_4t_z0.0_quantile_raw,[0],500.0,512.0,1e-05,1e-05,L2,64.0,4.0,leakyrelu,leakyrelu,2.0,0.001,warmup_exp,1.3,0.98,464897.0,464897.0,0.10044880956411362,0.099613718688488,245.0,0.09993205219507217,0.09979517012834549
vlarge_all_4t_z0.0_quantile_raw,[0],500.0,512.0,0.0,0.0,Gauss1d,32.0,2.0,leakyrelu,leakyrelu,2.0,0.003,warmup_expcos,1.3,0.98,168642.0,168642.0,0.09632795304059982,0.09492812305688858,457.0,0.0968300998210907,0.0963301956653595
vlarge_all_4t_z0.0_quantile_raw,[0],500.0,512.0,0.0,0.0,Gauss1d,32.0,4.0,leakyrelu,leakyrelu,2.0,0.001,warmup_expcos,1.3,0.98,310722.0,310722.0,0.5200538635253906,0.5198042988777161,145.0,0.5345140695571899,0.53697270154953
vlarge_all_4t_z0.0_quantile_raw,[0],500.0,512.0,0.0,0.0,Gauss1d,64.0,4.0,leakyrelu,leakyrelu,2.0,0.001,warmup_expcos,1.3,0.98,469378.0,469378.0,0.12652748823165894,0.1205308586359024,289.0,0.13112467527389526,0.12653039395809174
vlarge_all_4t_z0.0_quantile_raw,[0],500.0,512.0,0.0,0.0,Gauss1d,64.0,4.0,leakyrelu,leakyrelu,2.0,0.003,warmup_expcos,1.3,0.98,469378.0,469378.0,0.12803229689598083,0.09988018870353699,181.0,0.10142163932323456,0.10040391981601715
vlarge_all_4t_z0.0_quantile_raw,[0],500.0,512.0,0.0,0.0,Gauss1d,64.0,4.0,leakyrelu,leakyrelu,3.0,0.001,warmup_expcos,1.3,0.98,477954.0,477954.0,0.9294164180755615,0.92943274974823,25.0,0.9294547438621521,0.9294520020484924
vlarge_all_4t_z0.0_quantile_raw,[0],500.0,512.0,0.0,0.0,Gauss1d,32.0,3.0,leakyrelu,leakyrelu,2.0,0.003,warmup_expcos,1.3,0.98,239682.0,239682.0,0.9294360876083374,0.9294511079788208,39.0,0.9294543266296387,0.9294559955596924
vlarge_all_4t_z0.0_quantile_raw,[0],500.0,512.0,0.0,0.0,Gauss1d,64.0,4.0,leakyrelu,leakyrelu,3.0,0.003,warmup_expcos,1.3,0.98,477954.0,477954.0,0.09578090161085129,0.0950247198343277,235.0,0.09838928282260895,0.09894578158855438
vlarge_all_4t_z0.0_quantile_raw,[0],500.0,512.0,0.0,0.0,Gauss1d,64.0,3.0,leakyrelu,leakyrelu,3.0,0.003,warmup_expcos,1.3,0.98,369922.0,369922.0,0.1091989204287529,0.10682490468025208,155.0,0.11213991045951843,0.10835990309715271
vlarge_all_4t_z0.0_quantile_raw,[0],500.0,512.0,0.0,0.0,Gauss1d,32.0,4.0,leakyrelu,leakyrelu,3.0,0.003,warmup_expcos,1.3,0.98,312962.0,312962.0,0.09211143851280212,0.0918906033039093,417.0,0.09479986131191254,0.09251783788204193
vlarge_all_4t_z0.0_quantile_raw,[0],500.0,512.0,0.0,0.0,Gauss1d,64.0,2.0,leakyrelu,leakyrelu,3.0,0.003,warmup_expcos,1.3,0.98,261890.0,261890.0,0.11369229108095169,0.0971350148320198,219.0,0.10319873690605164,0.09775026887655258
vlarge_all_4t_z0.0_quantile_raw,[0],500.0,512.0,1e-05,1e-05,Gauss1d,64.0,4.0,leakyrelu,leakyrelu,2.0,0.001,warmup_exp,1.3,0.98,469378.0,469378.0,0.9294386506080627,0.9293991923332214,23.0,0.9294602274894714,0.9294607639312744
vlarge_all_4t_z0.0_quantile_raw,[0],500.0,512.0,1e-05,1e-05,L2,64.0,4.0,leakyrelu,leakyrelu,2.0,0.001,warmup_exp,1.3,0.98,464897.0,464897.0,0.1121835932135582,0.11152258515357971,119.0,0.11528867483139038,0.11259781569242477
vlarge_all_4t_z0.0_quantile_raw,[0],500.0,512.0,1e-05,1e-05,L2,64.0,3.0,leakyrelu,leakyrelu,2.0,0.001,warmup_exp,1.3,0.98,356865.0,356865.0,0.10754132270812988,0.10628112405538559,209.0,0.10694864392280579,0.10727321356534958
vlarge_all_4t_z0.0_quantile_raw,[0],500.0,512.0,1e-05,1e-05,Gauss1d,64.0,3.0,leakyrelu,leakyrelu,1.0,0.001,constant,1.3,0.98,352770.0,352770.0,0.7089171409606934,0.6844841837882996,35.0,0.7244157195091248,0.7336305379867554
vlarge_all_4t_z0.0_quantile_raw,[0],500.0,512.0,0.0,0.0,Gauss1d,64.0,2.0,leakyrelu,leakyrelu,3.0,0.001,warmup_expcos,1.3,0.98,261890.0,261890.0,0.1058424562215805,0.10321421921253204,463.0,0.10454331338405609,0.1050407886505127
vlarge_all_4t_z0.0_quantile_raw,[0],500.0,512.0,0.0,0.0,Gauss1d,32.0,2.0,leakyrelu,leakyrelu,3.0,0.001,warmup_expcos,1.3,0.98,170882.0,170882.0,0.18464341759681702,0.18236666917800903,499.0,0.18759313225746155,0.18756550550460815
vlarge_all_4t_z0.0_quantile_raw,[0],500.0,512.0,1e-05,1e-05,Gauss1d,64.0,4.0,leakyrelu,leakyrelu,1.0,0.003,warmup_exp,1.3,0.98,460802.0,460802.0,0.11264973878860474,0.11071223765611649,155.0,0.11762669682502747,0.12086544930934906
vlarge_all_4t_z0.0_quantile_raw,[0],500.0,512.0,0.0,0.0,Gauss1d,64.0,3.0,leakyrelu,leakyrelu,2.0,0.001,warmup_expcos,1.3,0.98,361346.0,361346.0,0.9293953776359558,0.9292413592338562,29.0,0.9293556213378906,0.9293877482414246
vlarge_all_4t_z0.0_quantile_raw,[0],500.0,512.0,0.0,0.0,Gauss1d,32.0,2.0,leakyrelu,leakyrelu,2.0,0.001,warmup_expcos,1.3,0.98,168642.0,168642.0,0.9294180870056152,0.9259229898452759,145.0,0.9294393062591553,0.9294368028640747
vlarge_all_4t_z0.0_quantile_raw,[0],500.0,512.0,1e-05,1e-05,Gauss1d,64.0,3.0,leakyrelu,leakyrelu,2.0,0.003,constant,1.3,0.98,361346.0,361346.0,0.9294442534446716,0.9293628931045532,23.0,0.9294718503952026,0.9294825196266174
vlarge_all_4t_z0.0_quantile_raw,[0],500.0,512.0,1e-05,1e-05,Gauss1d,64.0,4.0,leakyrelu,leakyrelu,1.0,0.003,warmup_exp,1.3,0.98,460802.0,460802.0,0.10950010269880295,0.10384316742420197,223.0,0.10622070729732513,0.10950268059968948
vlarge_all_4t_z0.0_quantile_raw,[0],500.0,512.0,0.0,0.0,Gauss1d,32.0,3.0,leakyrelu,leakyrelu,3.0,0.003,warmup_expcos,1.3,0.98,241922.0,241922.0,0.9294373989105225,0.9127869606018066,67.0,0.9294614791870117,0.9294596910476685
vlarge_all_4t_z0.0_quantile_raw,[0],500.0,512.0,1e-05,1e-05,Gauss1d,64.0,4.0,leakyrelu,leakyrelu,1.0,0.003,warmup_exp,1.3,0.98,460802.0,460802.0,0.10670437663793564,0.10610111802816391,227.0,0.10687679797410965,0.10675179213285446
vlarge_all_4t_z0.0_quantile_raw,[0],500.0,512.0,1e-05,1e-05,Gauss1d,64.0,2.0,leakyrelu,leakyrelu,3.0,0.001,warmup_exp,1.3,0.98,261890.0,261890.0,0.9293128848075867,0.920440673828125,73.0,0.9294317960739136,0.9294010400772095
vlarge_all_4t_z0.0_quantile_raw,[0],500.0,512.0,0.0,0.0,Gauss1d,64.0,2.0,leakyrelu,leakyrelu,3.0,0.003,warmup_expcos,1.3,0.98,261890.0,261890.0,0.9294801950454712,0.929445207118988,23.0,0.9295444488525391,0.9295536279678345
vlarge_all_4t_z0.0_quantile_raw,[0],500.0,512.0,0.0,0.0,Gauss1d,32.0,2.0,leakyrelu,leakyrelu,3.0,0.003,warmup_expcos,1.3,0.98,170882.0,170882.0,0.9294463992118835,0.9270436763763428,23.0,0.9294707775115967,0.9294687509536743
vlarge_all_4t_z0.0_quantile_raw,[0],500.0,512.0,0.0,0.0,Gauss1d,64.0,3.0,leakyrelu,leakyrelu,3.0,0.001,warmup_expcos,1.3,0.98,369922.0,369922.0,0.6549100279808044,0.6511675715446472,67.0,0.6600288152694702,0.6549250483512878
vlarge_all_4t_z0.0_quantile_raw,[0],500.0,512.0,0.0,0.0,Gauss1d,32.0,4.0,leakyrelu,leakyrelu,3.0,0.003,warmup_expcos,1.3,0.98,312962.0,312962.0,0.09722569584846497,0.09500420093536377,357.0,0.09948388487100601,0.09722793847322464
vlarge_all_4t_z0.0_quantile_raw,[0],500.0,512.0,1e-05,1e-05,L2,64.0,3.0,leakyrelu,leakyrelu,2.0,0.001,warmup_exp,1.3,0.98,356865.0,356865.0,0.11048425734043121,0.10967962443828583,211.0,0.1105862483382225,0.11065042018890381
vlarge_all_4t_z0.0_quantile_raw,[0],500.0,512.0,0.0,0.0,Gauss1d,32.0,2.0,leakyrelu,leakyrelu,3.0,0.003,warmup_expcos,1.3,0.98,170882.0,170882.0,0.0928967222571373,0.09204817563295364,333.0,0.09416532516479492,0.09342371672391891
vlarge_all_4t_z0.0_quantile_raw,[0],500.0,512.0,0.0,0.0,Gauss1d,32.0,3.0,leakyrelu,leakyrelu,2.0,0.001,warmup_expcos,1.3,0.98,239682.0,239682.0,0.6430417895317078,0.6260831356048584,43.0,0.6515374779701233,0.6466576457023621
vlarge_all_4t_z0.0_quantile_raw,[0],500.0,512.0,1e-05,1e-05,Gauss1d,64.0,2.0,leakyrelu,leakyrelu,1.0,0.003,warmup_exp,1.3,0.98,244738.0,244738.0,0.12999227643013,0.12279012054204941,227.0,0.12984943389892578,0.12999525666236877
vlarge_all_4t_z0.0_quantile_raw,[0],500.0,512.0,0.0,0.0,Gauss1d,64.0,4.0,leakyrelu,leakyrelu,2.0,0.003,warmup_expcos,1.3,0.98,469378.0,469378.0,0.9294124841690063,0.929413914680481,27.0,0.9294378757476807,0.9294385313987732
vlarge_all_4t_z0.0_quantile_raw,[0],500.0,512.0,0.0,0.0,Gauss1d,32.0,3.0,leakyrelu,leakyrelu,2.0,0.003,warmup_expcos,1.3,0.98,239682.0,239682.0,0.10365698486566544,0.10343969613313675,215.0,0.10509158670902252,0.10494031012058258
vlarge_all_4t_z0.0_quantile_raw,[0],500.0,512.0,0.0,0.0,Gauss1d,64.0,2.0,leakyrelu,leakyrelu,3.0,0.001,warmup_expcos,1.3,0.98,261890.0,261890.0,0.12333723902702332,0.12231093645095825,173.0,0.12552614510059357,0.12575016915798187
vlarge_all_4t_z0.0_quantile_raw,[0],500.0,512.0,1e-05,1e-05,Gauss1d,64.0,3.0,leakyrelu,leakyrelu,3.0,0.003,constant,1.3,0.98,369922.0,369922.0,0.2024112343788147,0.14214010536670685,87.0,0.21366006135940552,0.20960192382335663
vlarge_all_4t_z0.0_quantile_raw,[0],500.0,512.0,1e-05,1e-05,Gauss1d,64.0,3.0,leakyrelu,leakyrelu,3.0,0.001,warmup_exp,1.3,0.98,369922.0,369922.0,0.10876387357711792,0.10805143415927887,165.0,0.10968909412622452,0.1091395691037178
vlarge_all_4t_z0.0_quantile_raw,[0],500.0,512.0,1e-05,1e-05,L2,64.0,4.0,leakyrelu,leakyrelu,2.0,0.001,warmup_exp,1.3,0.98,464897.0,464897.0,0.10004615038633347,0.09981340914964676,263.0,0.10011724382638931,0.10009597986936569
vlarge_all_4t_z0.0_quantile_raw,[0],500.0,512.0,0.0,0.0,Gauss1d,64.0,4.0,leakyrelu,leakyrelu,3.0,0.003,warmup_expcos,1.3,0.98,477954.0,477954.0,0.9294556379318237,0.929452657699585,23.0,0.9294779300689697,0.9294780492782593
vlarge_all_4t_z0.0_quantile_raw,[0],500.0,512.0,1e-05,1e-05,Gauss1d,64.0,3.0,leakyrelu,leakyrelu,1.0,0.003,constant,1.3,0.98,352770.0,352770.0,0.12220320850610733,0.0986143946647644,177.0,0.12189674377441406,0.11834204941987991
